{
    "A": {
        "13C/Unsub": {
            "Ratios": [
                1.020555393361028,
                1.018504298452627,
                1.0207926647370082
            ],
            "RSEs": [
                0.000653070102839111,
                0.0006770003915975757,
                0.0007093958880506443
            ],
            "Deltas": [
                20.555393361028074,
                18.504298452626912,
                20.79266473700825
            ],
            "DeltasErr": [
                0.6530701028391109,
                0.6770003915975757,
                0.7093958880506444
            ],
            "Delta Mean": 19.950785516887745,
            "ER": 1.0273973742002402
        },
        "D/Unsub": {
            "Ratios": [
                1.0193860361993161,
                1.0284195634029023,
                1.0249955396921548
            ],
            "RSEs": [
                0.0032807677449226726,
                0.003066679098366725,
                0.0031973643468399195
            ],
            "Deltas": [
                19.386036199316116,
                28.419563402902305,
                24.995539692154843
            ],
            "DeltasErr": [
                3.2807677449226724,
                3.066679098366725,
                3.1973643468399193
            ],
            "Delta Mean": 24.267046431457754,
            "ER": 3.723723965570285
        }
    },
    "F": {
        "13C/Unsub": {
            "Ratios": [
                1.0311848227263647,
                1.0297560464575388,
                1.031626869180915
            ],
            "RSEs": [
                0.0006619329830231325,
                0.0006753701560371952,
                0.0006904958510453461
            ],
            "Deltas": [
                31.184822726364693,
                29.756046457538822,
                31.62686918091495
            ],
            "DeltasErr": [
                0.6619329830231324,
                0.6753701560371952,
                0.6904958510453462
            ],
            "Delta Mean": 30.85591278827282,
            "ER": 0.7983861747745962
        },
        "D/Unsub": {
            "Ratios": [
                1.1998534003793897,
                1.1915527331159732,
                1.1899286421809754
            ],
            "RSEs": [
                0.0028750102649256425,
                0.0029843017889476927,
                0.0028869910004622286
            ],
            "Deltas": [
                199.8534003793897,
                191.5527331159732,
                189.92864218097537
            ],
            "DeltasErr": [
                2.8750102649256424,
                2.984301788947693,
                2.8869910004622286
            ],
            "Delta Mean": 193.7782585587794,
            "ER": 4.346640767817643
        }
    },
    "K": {
        "13C/Unsub": {
            "Ratios": [
                1.0013497633527604,
                1.0044411406528981,
                1.003662053303477
            ],
            "RSEs": [
                0.0006910444911622738,
                0.0007524145498329758,
                0.0007119522812811914
            ],
            "Deltas": [
                1.3497633527603803,
                4.4411406528981345,
                3.6620533034770197
            ],
            "DeltasErr": [
                0.6910444911622737,
                0.7524145498329757,
                0.7119522812811915
            ],
            "Delta Mean": 3.150985769711845,
            "ER": 1.3127695713016714
        },
        "D/Unsub": {
            "Ratios": [
                0.9780496757800751,
                0.9850606945946397,
                0.9958737757222523
            ],
            "RSEs": [
                0.0032784362450344975,
                0.003080929713465047,
                0.003342811815671706
            ],
            "Deltas": [
                -21.950324219924934,
                -14.939305405360258,
                -4.12622427774767
            ],
            "DeltasErr": [
                3.2784362450344977,
                3.0809297134650473,
                3.3428118156717064
            ],
            "Delta Mean": -13.671951301010955,
            "ER": 7.331633492682657
        }
    },
    "I": {
        "13C/Unsub": {
            "Ratios": [
                1.0316921657923575,
                1.029217003830313,
                1.0307450672222644
            ],
            "RSEs": [
                0.0007351706602774779,
                0.0007172464016414776,
                0.0006521938109578762
            ],
            "Deltas": [
                31.69216579235745,
                29.217003830313004,
                30.745067222264446
            ],
            "DeltasErr": [
                0.7351706602774779,
                0.7172464016414776,
                0.6521938109578762
            ],
            "Delta Mean": 30.551412281644968,
            "ER": 1.0197167455091563
        },
        "D/Unsub": {
            "Ratios": [
                0.9710179992338843,
                0.9718991300330155,
                0.9779895924147555
            ],
            "RSEs": [
                0.0029345622335535337,
                0.0034426724202206204,
                0.0030201052116092405
            ],
            "Deltas": [
                -28.98200076611568,
                -28.100869966984465,
                -22.01040758524453
            ],
            "DeltasErr": [
                2.9345622335535335,
                3.4426724202206205,
                3.0201052116092404
            ],
            "Delta Mean": -26.36442610611489,
            "ER": 3.099699537197759
        }
    },
    "M": {
        "13C/Unsub": {
            "Ratios": [
                1.002197228072493,
                1.003291758781237,
                1.001498044612016
            ],
            "RSEs": [
                0.0007185450714060731,
                0.000661408019507857,
                0.0007160069535622285
            ],
            "Deltas": [
                2.197228072492896,
                3.2917587812371085,
                1.4980446120160806
            ],
            "DeltasErr": [
                0.7185450714060732,
                0.661408019507857,
                0.7160069535622284
            ],
            "Delta Mean": 2.3290104885820284,
            "ER": 0.7381858772733724
        },
        "D/Unsub": {
            "Ratios": [
                1.0058156827597484,
                1.003128227636624,
                1.010983105298688
            ],
            "RSEs": [
                0.003186145534157624,
                0.0030342230759216396,
                0.0032157261430072
            ],
            "Deltas": [
                5.8156827597484195,
                3.1282276366240147,
                10.983105298687956
            ],
            "DeltasErr": [
                3.186145534157624,
                3.0342230759216395,
                3.2157261430072004
            ],
            "Delta Mean": 6.64233856502013,
            "ER": 3.2595803039440354
        }
    },
    "C": {
        "13C/Unsub": {
            "Ratios": [
                1.019377687046399,
                1.0227331205038157,
                1.0229831183869438
            ],
            "RSEs": [
                0.0007615044937849352,
                0.0006493169616404379,
                0.000711051401607576
            ],
            "Deltas": [
                19.377687046399082,
                22.733120503815705,
                22.98311838694378
            ],
            "DeltasErr": [
                0.7615044937849352,
                0.649316961640438,
                0.711051401607576
            ],
            "Delta Mean": 21.697975312386188,
            "ER": 1.6438629227828419
        },