{
    "A": {
        "13C/Unsub": {
            "Ratios": [
                1.0207864573911496,
                1.0183643341066242,
                1.0205621808486707
            ],
            "RSEs": [
                0.0009403000102250219,
                0.0009566080436169115,
                0.0009941044627400683
            ],
            "Deltas": [
                20.786457391149593,
                18.36433410662419,
                20.562180848670675
            ],
            "DeltaErr": [
                0.940300010225022,
                0.9566080436169114,
                0.9941044627400683
            ],
            "ER": 1.0927799145335084
        },
        "D/Unsub": {
            "Ratios": [
                1.0190890263527426,
                1.0276934222870522,
                1.025297967511974
            ],
            "RSEs": [
                0.00446970165206661,
                0.004281113247021186,
                0.004417104394464229
            ],
            "Deltas": [
                19.089026352742565,
                27.693422287052183,
                25.297967511973994
            ],
            "DeltaErr": [
                4.46970165206661,
                4.281113247021186,
                4.417104394464229
            ],
            "ER": 3.625906527149174
        }
    },
    "F": {
        "13C/Unsub": {
            "Ratios": [
                1.0314663673140432,
                1.0291072765866143,
                1.0313481226222119
            ],
            "RSEs": [
                0.0009515848255456415,
                0.0009481238714391069,
                0.0009780968426974482
            ],
            "Deltas": [
                31.466367314043175,
                29.107276586614272,
                31.34812262221187
            ],
            "DeltaErr": [
                0.9515848255456415,
                0.9481238714391069,
                0.9780968426974482
            ],
            "ER": 1.0852896092052924
        },
        "D/Unsub": {
            "Ratios": [
                1.1986583633798864,
                1.191233507410999,
                1.1911311952264239
            ],
            "RSEs": [
                0.004218339913451779,
                0.004264328347267738,
                0.004169467723292393
            ],
            "Deltas": [
                198.6583633798864,
                191.23350741099898,
                191.13119522642387
            ],
            "DeltaErr": [
                4.218339913451779,
                4.264328347267738,
                4.169467723292392
            ],
            "ER": 3.524473394113675
        }
    },
    "K": {
        "13C/Unsub": {
            "Ratios": [
                1.0015570323099385,
                1.0046804843469386,
                1.0034547730959371
            ],
            "RSEs": [
                0.0009611397418427948,
                0.0010097417218184568,
                0.0009793806953705697
            ],
            "Deltas": [
                1.557032309938533,
                4.680484346938574,
                3.4547730959371137
            ],
            "DeltaErr": [
                0.9611397418427948,
                1.0097417218184568,
                0.9793806953705697
            ],
            "ER": 1.284944477361388
        },
        "D/Unsub": {
            "Ratios": [
                0.9782824227702202,
                0.9859245881471943,
                0.9956432225200098
            ],
            "RSEs": [
                0.0045255783889153285,
                0.004407085309954355,
                0.004595008327317037
            ],
            "Deltas": [
                -21.71757722977985,
                -14.075411852805697,
                -4.356777479990193
            ],
            "DeltaErr": [
                4.525578388915329,
                4.407085309954355,
                4.595008327317037
            ],
            "ER": 7.1043954600404495
        }
    },
    "I": {
        "13C/Unsub": {
            "Ratios": [
                1.0316503270329203,
                1.028523953602581,
                1.030789428604357
            ],
            "RSEs": [
                0.0010174131445763767,
                0.0009938388678617462,
                0.000924692755888762
            ],
            "Deltas": [
                31.650327032920256,
                28.523953602580974,
                30.78942860435707
            ],
            "DeltaErr": [
                1.0174131445763768,
                0.9938388678617461,
                0.924692755888762
            ],
            "ER": 1.3185738893005392
        },
        "D/Unsub": {
            "Ratios": [
                0.970106109869383,
                0.9709864214263884,
                0.9743698825473
            ],
            "RSEs": [
                0.004317705621035827,
                0.00462988921825561,
                0.004236812539294527
            ],
            "Deltas": [
                -29.893890130617052,
                -29.013578573611642,
                -25.630117452700052
            ],
            "DeltaErr": [
                4.3177056210358264,
                4.6298892182556095,
                4.236812539294527
            ],
            "ER": 1.837949190540282
        }
    },
    "M": {
        "13C/Unsub": {
            "Ratios": [
                1.0021253249798918,
                1.0020998708720126,
                1.0015739151859653
            ],
            "RSEs": [
                0.0009750105913618054,
                0.0009379367108867107,
                0.0009793327471173357
            ],
            "Deltas": [
                2.1253249798918183,
                2.099870872012577,
                1.57391518596528
            ],
            "DeltaErr": [
                0.9750105913618055,
                0.9379367108867107,
                0.9793327471173358
            ],
            "ER": 0.2541500117235047
        },
        "D/Unsub": {
            "Ratios": [
                1.0066336993347995,
                1.00124474424212,
                1.0101759223571258
            ],
            "RSEs": [
                0.004409005472817583,
                0.004270498910571211,
                0.004298985491522471
            ],
            "Deltas": [
                6.633699334799514,
                1.244744242119955,
                10.175922357125833
            ],
            "DeltaErr": [
                4.409005472817584,
                4.27049891057121,
                4.298985491522471
            ],
            "ER": 3.6720282535341195
        }
    },
    "C": {
        "13C/Unsub": {
            "Ratios": [
                1.0188086369135145,
                1.022259414924893,
                1.0235594073946213
            ],
            "RSEs": [
                0.001015655711928211,
                0.0009407637792245907,
                0.0009735182428940123
            ],
            "Deltas": [
                18.808636913514533,
                22.259414924892916,
                23.559407394621257
            ],
            "DeltaErr": [
                1.0156557119282108,
                0.9407637792245908,
                0.9735182428940123
            ],
            "ER": 2.0046520748088263
        },
        "D/Unsub": {
            "Ratios": [
                1.0291053777714718,
                1.0372972613676446,
                1.0384387544819762
            ],
            "RSEs": [
                0.004605583253903546,
                0.0045322859863883,
                0.0046148783159660435
            ],
            "Deltas": [
                29.10537777147182,
                37.29726136764455,
                38.438754481976204
            ],
            "DeltaErr": [
                4.6055832539035455,
                4.5322859863883,
                4.614878315966044
            ],
            "ER": 4.156947119695415
        }
    }
}