{
    "A": {
        "13C/Unsub": {
            "Raw Ratios": [
                0.010569357749919708,
                0.010829503370558111,
                0.010593012112120498,
                0.010787745014973515,
                0.010591750494119747,
                0.010807352118358954,
                0.010578506492236362
            ],
            "Raw RSE": [
                0.0008964072644369905,
                0.0008575429961971714,
                0.000870149084981761,
                0.0008816683222066782,
                0.0009014668475661871,
                0.0008626809896668792,
                0.0008915455287375893
            ],
            "Ratios": [
                1.0235304776981093,
                1.0193315008404384,
                1.0209315748486922
            ],
            "RSEs": [
                0.0011984543687430784,
                0.0010800659302513034,
                0.001201847762205375
            ],
            "Deltas": [
                23.530477698109344,
                19.331500840438444,
                20.931574848692236
            ],
            "DeltasErr": [
                1.1984543687430784,
                1.0800659302513034,
                1.201847762205375
            ],
            "Delta Mean": 21.264517795746674,
            "ER": 1.7303159475095709
        },
        "D/Unsub": {
            "Raw Ratios": [
                0.000533591395568367,
                0.0005253399103539297,
                0.0005320166670194479,
                0.0005227882507624498,
                0.0005366230942373337,
                0.0005263623550844312,
                0.0005277100316902513
            ],
            "Raw RSE": [
                0.004602204202201268,
                0.005215739926797263,
                0.0045918717686345865,
                0.004953211777567968,
                0.004587378288154512,
                0.005195489415979815,
                0.004805031281162406
            ],
            "Ratios": [
                0.9841713631971956,
                0.9817890814663118,
                0.9909274413277549
            ],
            "RSEs": [
                0.007291029423161728,
                0.0062469626059933146,
                0.007294088495753635
            ],
            "Deltas": [
                -15.828636802804441,
                -18.21091853368817,
                -9.072558672245101
            ],
            "DeltasErr": [
                7.291029423161728,
                6.246962605993315,
                7.294088495753635
            ],
            "Delta Mean": -14.370704669579238,
            "ER": 3.8705365535135123
        }
    },
    "F": {
        "13C/Unsub": {
            "Raw Ratios": [
                0.010564575824381209,
                0.010907775512336283,
                0.010588739853199658,
                0.010907263280418324,
                0.010555373033361777,
                0.010908963696407266,
                0.010584619345620916
            ],
            "Raw RSE": [
                0.0008394482223164037,
                0.0008718893184032189,
                0.0008457321591570056,
                0.0008563173651254876,
                0.0008878544454768394,
                0.0008496815828279604,
                0.0007689454404450393
            ],
            "Ratios": [
                1.0318925375620398,
                1.031582893996452,
                1.0314826211420647
            ],
            "RSEs": [
                0.0014921416050460348,
                0.0012439757815537714,
                0.0014787733107675483
            ],
            "Deltas": [
                31.892537562039802,
                31.58289399645198,
                31.48262114206468
            ],
            "DeltasErr": [
                1.4921416050460348,
                1.2439757815537713,
                1.4787733107675483
            ],
            "Delta Mean": 31.652684233518823,
            "ER": 0.17447230101783995
        },
        "D/Unsub": {
            "Raw Ratios": [
                0.0005316187892592238,
                0.000626442821565449,
                0.0005385345675154338,
                0.0006328972481040798,
                0.0005362503472017442,
                0.0006275357234280714,
                0.0005464757726904268
            ],
            "Raw RSE": [
                0.004339528779036103,
                0.004424510817551621,
                0.00445014103369629,
                0.004427324001567144,
                0.004498826006374472,
                0.004355344806076369,
                0.0038886607595973893
            ],
            "Ratios": [
                1.1731332390122844,
                1.1759083682361187,
                1.156857608878112
            ],
            "RSEs": [
                0.00635073509270276,
                0.005563413933036722,
                0.006251592780280387
            ],
            "Deltas": [
                173.13323901228438,
                175.90836823611866,
                156.85760887811196
            ],
            "DeltasErr": [
                6.35073509270276,
                5.563413933036722,
                6.251592780280387
            ],
            "Delta Mean": 168.63307204217165,
            "ER": 8.403232913521638
        }
    },
    "K": {
        "13C/Unsub": {
            "Raw Ratios": [
                0.010554860495816668,
                0.010527478492637814,
                0.010578470213402795,
                0.01054935193388126,
                0.010579513630250396,
                0.010530328912682964,
                0.01058439882106161
            ],
            "Raw RSE": [
                0.0008974542786716658,
                0.0009224865986804023,
                0.0008635316726793875,
                0.0009052348701869663,
                0.0008964287964220792,
                0.0008840475816132982,
                0.0009004443812241698
            ],
            "Ratios": [
                0.9964159752082987,
                0.9976396706369841,
                0.9949970393326861
            ],
            "RSEs": [
                0.001047827082262857,
                0.0009779660764828336,
                0.0010137376564029765
            ],
            "Deltas": [
                -3.584024791701279,
                -2.3603293630158895,
                -5.002960667313872
            ],
            "DeltasErr": [
                1.047827082262857,
                0.9779660764828335,
                1.0137376564029765
            ],
            "Delta Mean": -3.649104940677013,
            "ER": 1.0798307342532723
        },
        "D/Unsub": {
            "Raw Ratios": [
                0.000528241593506626,
                0.0004843178226483672,
                0.000535977975888757,
                0.0004886330594453725,
                0.0005382296874488173,
                0.0004905426403886146,
                0.0005302877593956564
            ],
            "Raw RSE": [
                0.004786475929411841,
                0.0054788234264450805,
                0.004559877944564434,
                0.00539826460079125,
                0.004446573942175667,
                0.005353035861877655,
                0.004584968917643036
            ],
            "Ratios": [
                0.9097814585361385,
                0.9164431539840984,
                0.9185791394663929
            ],
            "RSEs": [
                0.008926823123518017,
                0.007526572677066889,
                0.008832552953884793
            ],
            "Deltas": [
                -90.21854146386154,
                -83.55684601590163,
                -81.42086053360708
            ],
            "DeltasErr": [
                8.926823123518018,
                7.5265726770668895,
                8.832552953884793
            ],
            "Delta Mean": -85.06541600445675,